<?xml version="1.0" encoding="UTF-8"?>

<configuration scan="true">
	<appender name="stdout" class="ch.qos.logback.core.ConsoleAppender">
		<encoder>
			<pattern>%d{HH:mm:ss.SSS} [%thread] %-5level %logger - %msg%n</pattern>
		</encoder>
	</appender>

	<appender name="adbus" class="ch.qos.logback.core.rolling.RollingFileAppender">
		<filter class="ch.qos.logback.classic.filter.ThresholdFilter">
			<level>TRACE</level>
		</filter>
		<rollingPolicy class="ch.qos.logback.core.rolling.TimeBasedRollingPolicy">
			<fileNamePattern>logs/adbus-%d{yyyy-MM-dd}.log.gz</fileNamePattern>
			<maxHistory>10</maxHistory>
		</rollingPolicy>
		<encoder>
			<pattern>%d{HH:mm:ss.SSS} [%thread] %-5level %logger - %msg%n</pattern>
			<charset>UTF-8</charset>
		</encoder>
	</appender>


	<logger name="com.pantuo" level="INFO" />
	<logger name="com.pantuo.dao" level="INFO" />
	<logger name="org.activiti" level="ERROR" />
	
	
	<logger name="org.springframework.web.servlet.mvc" level="ERROR" />
	<logger name="org.hibernate.tool.hbm2ddl" level="ERROR" />
	<logger name="org.springframework" level="ERROR" />
	<logger name="org.hibernate.SQL" additivity="false">
        <level value="INFO" />
   </logger>
   
  <logger name="org.hibernate.type" level="INFO"  additivity="false" />
  <logger name="org.hibernate" level="INFO" />
	<!-- 
	<logger name="com.ibatis" level="DEBUG" />
	<logger name="com.ibatis.common.jdbc.SimpleDataSource" level="DEBUG" />
	<logger name="com.ibatis.common.jdbc.ScriptRunner" level="DEBUG" />
	<logger name="com.ibatis.sqlmap.engine.impl.SqlMapClientDelegate" level="DEBUG" />
	 -->
	<logger name="java.sql.Connection" level="INFO" />
	<logger name="java.sql.Statement" level="INFO" />
	<logger name="java.sql.PreparedStatement" level="INFO" />
	
	<logger name="org.mybatis.spring.mapper.ClassPathMapperScanner" level="WARN" />
	<logger name="org.apache.ibatis.io.ResolverUtil" level="WARN" />
	<logger name="org.mybatis.spring.SqlSessionUtils" level="ERROR" />
	<logger name="org.mybatis.spring.transaction.SpringManagedTransaction" level="ERROR" />
	
	<logger name="org.apache.ibatis.transaction.managed.ManagedTransaction" level="OFF" />
<!-- 
	http://blog.oneapm.com/apm-tech/178.html --> 
	 <logger name="jdbc.sqlonly" level="WARN"/>
    <logger name="jdbc.sqltiming" level="INFO"/>
    <logger name="jdbc.resultsettable" level="OFF"/>
    <logger name="jdbc.resultset" level="OFF"/>
    <logger name="jdbc.connection" level="OFF"/>
    <logger name="jdbc.audit" level="OFF"/>
   
	<logger name="org.springframework.context.annotation.GroovySupport" level="INFO" />
    
    

	<root level="INFO">
		<appender-ref ref="stdout" />
		<appender-ref ref="adbus" />
	</root>

</configuration>